{
  "course": [
    {
      "title": "ML",
      "slug": "project",
      "overview": "课程时间：2017.5 ~ 2017.9",
      "semester": "2017Q2",
      "classroom": "C1",
      "course_teach_url": "http://www.baidu.com",
      "course_zone": "zoom1",
      "path_lecture": "course1",
      "lecture_prefix": "week",
      "lecture": [
        {
          "start": "2017-7-1 10:00:00",
          "end": "2017-7-1 12:00:00"
        },
        {
          "start": "2017-7-3 10:00:00",
          "end": "2017-7-3 12:00:00"
        },
        {
          "start": "2017-7-5 10:00:00",
          "end": "2017-7-5 12:00:00"
        },
        {
          "start": "2017-7-7 10:00:00",
          "end": "2017-7-7 12:00:00"
        },
        {
          "start": "2017-7-9 10:00:00",
          "end": "2017-7-9 12:00:00"
        },
        {
          "start": "2017-7-11 10:00:00",
          "end": "2017-7-11 12:00:00"
        },
        {
          "start": "2017-7-13 10:00:00",
          "end": "2017-7-13 12:00:00"
        },
        {
          "start": "2017-7-15 10:00:00",
          "end": "2017-7-15 12:00:00"
        },
        {
          "start": "2017-7-17 10:00:00",
          "end": "2017-7-17 12:00:00"
        },
        {
          "start": "2017-7-19 10:00:00",
          "end": "2017-7-19 12:00:00"
        },
        {
          "start": "2017-7-21 10:00:00",
          "end": "2017-7-21 12:00:00"
        }
      ],
      "exam": [
        {
          "title": "midterm exam",
          "start": "2017-7-10 10:00:00",
          "end": "2017-7-10 12:00:00",
          "started": true,
          "started_time": "2017-7-10 10:10:00",
          "path_exam": "exam1",
          "problem": [
            {
              "problem_i": "1",
              "minutes": 30,
              "full_marks": 10
            },
            {
              "problem_i": "2",
              "minutes": 30,
              "full_marks": 10
            },
            {
              "problem_i": "3",
              "minutes": 30,
              "full_marks": 10
            }
          ]
        },
        {
          "title": "final exam",
          "start": "2017-7-23 10:00:00",
          "end": "2017-7-23 12:00:00",
          "started": false,
          "started_time": null,
          "path_exam": "exam2",
          "problem": [
            {
              "problem_i": "1",
              "minutes": 30,
              "full_marks": 10
            },
            {
              "problem_i": "2",
              "minutes": 30,
              "full_marks": 10
            },
            {
              "problem_i": "3",
              "minutes": 30,
              "full_marks": 10
            }
          ]
        }
      ]
    },
    {
      "title": "ML",
      "slug": "project",
      "overview": "课程时间：2017.5 ~ 2017.9",
      "semester": "2017Q2",
      "classroom": "C2",
      "course_teach_url": "http://www.baidu.com",
      "course_zone": "zoom1",
      "path_lecture": "course1",
      "lecture_prefix": "week",
      "lecture": [
        {
          "start": "2017-7-1 9:30:00",
          "end": "2017-7-1 12:30:00"
        },
        {
          "start": "2017-7-3 10:30:00",
          "end": "2017-7-3 11:30:00"
        },
        {
          "start": "2017-7-5 10:30:00",
          "end": "2017-7-5 12:30:00"
        },
        {
          "start": "2017-7-7 09:30:00",
          "end": "2017-7-7 11:30:00"
        },
        {
          "start": "2017-7-9 14:00:00",
          "end": "2017-7-9 16:00:00"
        },
        {
          "start": "2017-7-11 14:00:00",
          "end": "2017-7-11 16:00:00"
        },
        {
          "start": "2017-7-13 14:00:00",
          "end": "2017-7-13 16:00:00"
        },
        {
          "start": "2017-7-15 14:00:00",
          "end": "2017-7-15 16:00:00"
        },
        {
          "start": "2017-7-17 14:00:00",
          "end": "2017-7-17 16:00:00"
        },
        {
          "start": "2017-7-19 14:00:00",
          "end": "2017-7-19 16:00:00"
        },
        {
          "start": "2017-7-21 14:00:00",
          "end": "2017-7-21 16:00:00"
        }
      ],
      "exam": [
        {
          "title": "midterm exam",
          "start": "2017-7-10 14:00:00",
          "end": "2017-7-10 16:00:00",
          "started": true,
          "started_time": "2017-7-10 10:10:00",
          "path_exam": "exam1",
          "problem": [
            {
              "problem_i": "1",
              "minutes": 30,
              "full_marks": 10
            },
            {
              "problem_i": "2",
              "minutes": 30,
              "full_marks": 10
            },
            {
              "problem_i": "3",
              "minutes": 30,
              "full_marks": 10
            }
          ]
        },
        {
          "title": "final exam",
          "start": "2017-7-23 14:00:00",
          "end": "2017-7-23 16:00:00",
          "started": false,
          "started_time": null,
          "path_exam": "exam2",
          "problem": [
            {
              "problem_i": "1",
              "minutes": 30,
              "full_marks": 10
            },
            {
              "problem_i": "2",
              "minutes": 30,
              "full_marks": 10
            },
            {
              "problem_i": "3",
              "minutes": 30,
              "full_marks": 10
            }
          ]
        }
      ]
    },
    {
      "title": "ALG",
      "slug": "algorithm",
      "overview": "课程时间：2017.5 ~ 2017.9",
      "semester": "2017Q2",
      "classroom": "C1",
      "course_teach_url": "http://www.baidu.com",
      "course_zone": "zoom2",
      "path_lecture": "course2",
      "lecture_prefix": "week",
      "lecture": [
        {
          "start": "2017-7-11 14:00:00",
          "end": "2017-7-11 16:00:00"
        },
        {
          "start": "2017-7-13 14:00:00",
          "end": "2017-7-13 16:00:00"
        },
        {
          "start": "2017-7-15 14:00:00",
          "end": "2017-7-15 16:00:00"
        },
        {
          "start": "2017-7-17 14:00:00",
          "end": "2017-7-17 16:00:00"
        },
        {
          "start": "2017-7-19 14:00:00",
          "end": "2017-7-19 16:00:00"
        },
        {
          "start": "2017-7-21 14:00:00",
          "end": "2017-7-21 16:00:00"
        }
      ],
      "exam": [
        {
          "title": "midterm exam",
          "start": "2017-7-14 14:00:00",
          "end": "2017-7-10 16:00:00",
          "started": true,
          "started_time": "2017-7-14 14:10:00",
          "path_exam": "exam1",
          "problem": [
            {
              "problem_i": "1",
              "minutes": 30,
              "full_marks": 10
            },
            {
              "problem_i": "2",
              "minutes": 30,
              "full_marks": 10
            },
            {
              "problem_i": "3",
              "minutes": 30,
              "full_marks": 10
            }
          ]
        },
        {
          "title": "final exam",
          "start": "2017-7-23 14:00:00",
          "end": "2017-7-23 16:00:00",
          "started": false,
          "started_time": null,
          "path_exam": "exam2",
          "problem": [
            {
              "problem_i": "1",
              "minutes": 30,
              "full_marks": 10
            },
            {
              "problem_i": "2",
              "minutes": 30,
              "full_marks": 10
            },
            {
              "problem_i": "3",
              "minutes": 30,
              "full_marks": 10
            }
          ]
        }
      ]
    }
  ]
}