{
    "teaching": [
        {
            "course_id": 1,
            "user": "qingquan wang"
        },
        {
            "course_id": 2,
            "user": "qingquan wang"
        },
        {
            "course_id": 3,
            "user": "qingquan wang"
        },
        {
            "course_id": 3,
            "user": "ziyi feng"
        }
    ],
    "enrolling": [
        {
            "course_id": 1,
            "user": "muhua ding"
        },
        {
            "course_id": 1,
            "user": "xiaoqiang liu"
        }
    ]
}