[
    {
        "user": {
            "is_staff": true,
            "is_superuser": true,
            "email": "admin@laioffer.com",
            "username": "admin",
            "first_name": "admin",
            "last_name": "admin"
        },
        "groups": [
            "Supervisor",
            "Teacher"
        ],
        "password": "admin"
    },
    {
        "user": {
            "email": "ast@laioffer.com",
            "username": "ast",
            "first_name": "ast",
            "last_name": "ast"
        },
        "groups": [
            "Assistant"
        ],
        "password": "ast"
    },
    {
        "user": {
            "is_staff": true,
            "is_superuser": true,
            "email": "suming@xiaogu-tech.com",
            "username": "suming meng",
            "first_name": "suming",
            "last_name": "meng",
            "wechat": "sodaigomi",
            "linkedin": "suming@xiaogu-tech.com",
            "weibo": "suming@xiaogu-tech.com",
            "facebook": "suming@xiaogu-tech.com",
            "twitter": "suming@xiaogu-tech.com",
            "mobile": "13888888888"
        },
        "groups": [
            "Supervisor",
            "Teacher"
        ],
        "password": "admin"
    },
    {
        "user": {
            "email": "qingquan@xiaogu-tech.com",
            "username": "qingquan wang",
            "first_name": "qingquan",
            "last_name": "wang",
            "wechat": "starcrush123",
            "linkedin": "qingquan@xiaogu-tech.com",
            "weibo": "qingquan@xiaogu-tech.com",
            "facebook": "qingquan@xiaogu-tech.com",
            "twitter": "qingquan@xiaogu-tech.com",
            "mobile": "13888888888",
            "bio": "qingquan@xiaogu-tech.com"
        },
        "groups": [
            "Teacher",
            "Assistant"
        ],
        "password": "tea"
    },
    {
        "user": {
            "email": "ziyi@xiaogu-tech.com",
            "username": "ziyi feng",
            "first_name": "ziyi",
            "last_name": "feng",
            "wechat": "Cicy",
            "linkedin": "ziyi@xiaogu-tech.com",
            "weibo": "ziyi@xiaogu-tech.com",
            "facebook": "ziyi@xiaogu-tech.com",
            "twitter": "ziyi@xiaogu-tech.com",
            "mobile": "13888888888"
        },
        "groups": [
            "Teacher",
            "Assistant"
        ],
        "password": "tea"
    },
    {
        "user": {
            "email": "dmh@xiaogu-tech.com",
            "username": "muhua ding",
            "first_name": "muhua",
            "last_name": "ding",
            "wechat": "dmhding",
            "linkedin": "258796762@qq.com",
            "weibo": "258796762@qq.com",
            "facebook": "258796762@qq.com",
            "twitter": "258796762@qq.com",
            "mobile": "13888888888",
            "bio": "我的毕业时间是2016-6-20\n我已经收到微软的offer",
            "docs_url": "https://shimo.im/"
        },
        "groups": [
            "Student"
        ],
        "password": "stu"
    },
    {
        "user": {
            "email": "lxq@xiaogu-tech.com",
            "username": "xiaoqiang liu",
            "first_name": "xiaoqiang",
            "last_name": "liu",
            "wechat": "lxq8191",
            "linkedin": "lxq@xiaogu-tech.com",
            "weibo": "lxq@xiaogu-tech.com",
            "facebook": "lxq@xiaogu-tech.com",
            "twitter": "lxq@xiaogu-tech.com",
            "mobile": "13888888888",
            "bio": "我的毕业时间是2015-6-20\n我已经收到谷歌的offer",
            "docs_url": "https://shimo.im/"
        },
        "groups": [
            "Student"
        ],
        "password": "stu"
    },
    {
        "user": {
            "email": "zpy@xiaogu-tech.com",
            "username": "pengyan zhao",
            "first_name": "pengyan",
            "last_name": "zhao",
            "wechat": "zhaopianer001",
            "linkedin": "zpy@xiaogu-tech.com",
            "weibo": "zpy@xiaogu-tech.com",
            "facebook": "zpy@xiaogu-tech.com",
            "twitter": "zpy@xiaogu-tech.com",
            "mobile": "13888888888",
            "docs_url": "https://shimo.im/"
        },
        "groups": [
            "Student"
        ],
        "password": "stu"
    },
    {
        "user": {
            "email": "ccl@xiaogu-tech.com",
            "username": "chenglong cao",
            "first_name": "chenglong",
            "last_name": "cao",
            "wechat": "formerquesions",
            "linkedin": "ccl@xiaogu-tech.com",
            "weibo": "ccl@xiaogu-tech.com",
            "facebook": "ccl@xiaogu-tech.com",
            "twitter": "ccl@xiaogu-tech.com",
            "mobile": "13888888888",
            "docs_url": "https://shimo.im/"
        },
        "groups": [
            "Student"
        ],
        "password": "stu"
    },
    {
        "user": {
            "email": "txg@xiaogu-tech.com",
            "username": "xingui tang",
            "first_name": "xingui",
            "last_name": "tang",
            "wechat": "xgdanson",
            "linkedin": "txg@xiaogu-tech.com",
            "weibo": "txg@xiaogu-tech.com",
            "facebook": "txg@xiaogu-tech.com",
            "twitter": "txg@xiaogu-tech.com",
            "mobile": "13888888888",
            "docs_url": "https://shimo.im/"
        },
        "groups": [
            "Student"
        ],
        "password": "stu"
    }
]