/	common.views.InitView		
/__debug__/render_panel/	debug_toolbar.views.render_panel	djdt:render_panel	
/__debug__/sql_explain/	debug_toolbar.panels.sql.views.sql_explain	djdt:sql_explain	
/__debug__/sql_profile/	debug_toolbar.panels.sql.views.sql_profile	djdt:sql_profile	
/__debug__/sql_select/	debug_toolbar.panels.sql.views.sql_select	djdt:sql_select	
/__debug__/template_source/	debug_toolbar.panels.templates.views.template_source	djdt:template_source	
/admin/	django.contrib.admin.sites.index	admin:index	
/admin/<app_label>/	django.contrib.admin.sites.app_index	admin:app_list	
/admin/auth/group/	django.contrib.admin.options.changelist_view	admin:auth_group_changelist	
/admin/auth/group/<var>/	django.views.generic.base.RedirectView		
/admin/auth/group/<var>/change/	django.contrib.admin.options.change_view	admin:auth_group_change	
/admin/auth/group/<var>/delete/	django.contrib.admin.options.delete_view	admin:auth_group_delete	
/admin/auth/group/<var>/history/	django.contrib.admin.options.history_view	admin:auth_group_history	
/admin/auth/group/add/	django.contrib.admin.options.add_view	admin:auth_group_add	
/admin/common/mymodel/	django.contrib.admin.options.changelist_view	admin:common_mymodel_changelist	
/admin/common/mymodel/<var>/	django.views.generic.base.RedirectView		
/admin/common/mymodel/<var>/change/	django.contrib.admin.options.change_view	admin:common_mymodel_change	
/admin/common/mymodel/<var>/delete/	django.contrib.admin.options.delete_view	admin:common_mymodel_delete	
/admin/common/mymodel/<var>/history/	django.contrib.admin.options.history_view	admin:common_mymodel_history	
/admin/common/mymodel/add/	django.contrib.admin.options.add_view	admin:common_mymodel_add	
/admin/course/course/	django.contrib.admin.options.changelist_view	admin:course_course_changelist	
/admin/course/course/<var>/	django.views.generic.base.RedirectView		
/admin/course/course/<var>/change/	django.contrib.admin.options.change_view	admin:course_course_change	
/admin/course/course/<var>/delete/	django.contrib.admin.options.delete_view	admin:course_course_delete	
/admin/course/course/<var>/history/	django.contrib.admin.options.history_view	admin:course_course_history	
/admin/course/course/add/	django.contrib.admin.options.add_view	admin:course_course_add	
/admin/exam/answer/	django.contrib.admin.options.changelist_view	admin:exam_answer_changelist	
/admin/exam/answer/<var>/	django.views.generic.base.RedirectView		
/admin/exam/answer/<var>/change/	django.contrib.admin.options.change_view	admin:exam_answer_change	
/admin/exam/answer/<var>/delete/	django.contrib.admin.options.delete_view	admin:exam_answer_delete	
/admin/exam/answer/<var>/history/	django.contrib.admin.options.history_view	admin:exam_answer_history	
/admin/exam/answer/add/	django.contrib.admin.options.add_view	admin:exam_answer_add	
/admin/exam/exam/	django.contrib.admin.options.changelist_view	admin:exam_exam_changelist	
/admin/exam/exam/<var>/	django.views.generic.base.RedirectView		
/admin/exam/exam/<var>/change/	django.contrib.admin.options.change_view	admin:exam_exam_change	
/admin/exam/exam/<var>/delete/	django.contrib.admin.options.delete_view	admin:exam_exam_delete	
/admin/exam/exam/<var>/history/	django.contrib.admin.options.history_view	admin:exam_exam_history	
/admin/exam/exam/add/	django.contrib.admin.options.add_view	admin:exam_exam_add	
/admin/jsi18n/	django.contrib.admin.sites.i18n_javascript	admin:jsi18n	
/admin/login/	django.contrib.admin.sites.login	admin:login	
/admin/logout/	django.contrib.admin.sites.logout	admin:logout	
/admin/password_change/	django.contrib.admin.sites.password_change	admin:password_change	
/admin/password_change/done/	django.contrib.admin.sites.password_change_done	admin:password_change_done	
/admin/playground/author/	django.contrib.admin.options.changelist_view	admin:playground_author_changelist	
/admin/playground/author/<var>/	django.views.generic.base.RedirectView		
/admin/playground/author/<var>/change/	django.contrib.admin.options.change_view	admin:playground_author_change	
/admin/playground/author/<var>/delete/	django.contrib.admin.options.delete_view	admin:playground_author_delete	
/admin/playground/author/<var>/history/	django.contrib.admin.options.history_view	admin:playground_author_history	
/admin/playground/author/add/	django.contrib.admin.options.add_view	admin:playground_author_add	
/admin/playground/book/	django.contrib.admin.options.changelist_view	admin:playground_book_changelist	
/admin/playground/book/<var>/	django.views.generic.base.RedirectView		
/admin/playground/book/<var>/change/	django.contrib.admin.options.change_view	admin:playground_book_change	
/admin/playground/book/<var>/delete/	django.contrib.admin.options.delete_view	admin:playground_book_delete	
/admin/playground/book/<var>/history/	django.contrib.admin.options.history_view	admin:playground_book_history	
/admin/playground/book/add/	django.contrib.admin.options.add_view	admin:playground_book_add	
/admin/r/<content_type_id>/<object_id>/	django.contrib.contenttypes.views.shortcut	admin:view_on_site	
/admin/task/task/	django.contrib.admin.options.changelist_view	admin:task_task_changelist	
/admin/task/task/<var>/	django.views.generic.base.RedirectView		
/admin/task/task/<var>/change/	django.contrib.admin.options.change_view	admin:task_task_change	
/admin/task/task/<var>/delete/	django.contrib.admin.options.delete_view	admin:task_task_delete	
/admin/task/task/<var>/history/	django.contrib.admin.options.history_view	admin:task_task_history	
/admin/task/task/add/	django.contrib.admin.options.add_view	admin:task_task_add	
/admin/user/user/	django.contrib.admin.options.changelist_view	admin:user_user_changelist	
/admin/user/user/<var>/	django.views.generic.base.RedirectView		
/admin/user/user/<var>/change/	django.contrib.admin.options.change_view	admin:user_user_change	
/admin/user/user/<var>/delete/	django.contrib.admin.options.delete_view	admin:user_user_delete	
/admin/user/user/<var>/history/	django.contrib.admin.options.history_view	admin:user_user_history	
/admin/user/user/<var>/password/	django.contrib.auth.admin.user_change_password	admin:auth_user_password_change	
/admin/user/user/add/	django.contrib.auth.admin.add_view	admin:user_user_add	
/course/<course_id>/exam/	exam.views.ExamTeacherView	course:create_exam	
/course/<course_id>/exam/(P<exam_id>\d+)	exam.views.ExamTeacherView	course:edit_exam	
/course/<course_id>/lecture/	course.views.LectureView	course:create_lecture	
/course/<course_id>/lecture/(P<lecture_id>\d+)	course.views.LectureView	course:edit_lecture	
/course/<pk>/calendar/	course.views.CourseCalendarView	course:calendar	
/course/<pk>/modules/	course.apis.GetCourseModulesApi	course:get_modules	
/course/<pk>/student_modules/	course.apis.GetStudentCourseModulesApi	course:get_student_modules	
/course/<pk>/students/	course.views.CourseStudentListView	course:students	
/course/<slug>/students/	course.views.CourseUnitedStudentListView	course:united_students	
/course/add/	course.views.CourseCreateView	course:add	
/course/admin_calendar/	course.views.AdminCalendarView	course:admin_calendar	
/course/content/<id>/delete/	course.views.ContentDeleteView	course:delete_content	
/course/edit/<pk>	course.views.CourseUpdateView	course:edit	
/course/get_conflict/	course.apis.GetConflictView	course:get_conflict	
/course/lecture/<lecture_id>/	course.views.LectureStudentView	course:lecture	
/course/list/	course.views.CourseListView	course:list	
/course/module/<module_id>/	course.views.ModuleListView	course:list_modules	
/course/module/<module_id>/content/<model_name>/<id>/	course.views.ContentCreateUpdateView	course:update_content	
/course/module/<module_id>/content/<model_name>/create/	course.views.ContentCreateUpdateView	course:create_content	
/course/student/detail/<pk>/<course_id>/<slug>	course.views.StudentDetailView	course:student_detail	
/course/supervisor_modules/	course.apis.GetSupervisorCourseModulesViewApi	course:get_supervisor_modules	
/exam/<exam_id>/student/	exam.views.ExamStudentView	exam:student	
/exam/<exam_id>/summary/	exam.views.ExamSummaryView	exam:summary	
/exam/api/	rest_framework.routers.APIRootView	exam:api-root	
/exam/api/\.<format>/	rest_framework.routers.APIRootView	exam:api-root	
/exam/api/comments/	exam.apis.InlineCommentViewSet	exam:inlinecomment-list	
/exam/api/comments/<pk>/	exam.apis.InlineCommentViewSet	exam:inlinecomment-detail	
/exam/api/comments/<pk>\.<format>/	exam.apis.InlineCommentViewSet	exam:inlinecomment-detail	
/exam/api/comments\.<format>/	exam.apis.InlineCommentViewSet	exam:inlinecomment-list	
/exam/api2/<exam_id>/student/<student_id>/comments/	exam.apis.InlineCommentListByExam	exam:get_comments_by_exam	
/exam/api2/answer/<answer_id>/comments/	exam.apis.InlineCommentListByAnswer	exam:get_comments_by_answer	
/exam/course/<pk>/	exam.views.ExamClassView	exam:class_view	
/exam/score/paper/<exam_paper_id>/	exam.views.ExamScoreView	exam:score	
/exam/update/answer/	exam.apis.UpdateAnswerApi	exam:update_answer	
/interview/<interview_id>/contents/	interview.views.InterviewContentsUpdateView	interview:update_contents_assistant	
/interview/<interview_id>/contents/<course_id>/	interview.views.InterviewContentsUpdateView	interview:update_contents	
/interview/api/	rest_framework.routers.APIRootView	interview:api-root	
/interview/api/\.<format>/	rest_framework.routers.APIRootView	interview:api-root	
/interview/api/interviews/	interview.apis.InterviewViewSet	interview:interviewcontent-list	
/interview/api/interviews/<pk>/	interview.apis.InterviewViewSet	interview:interviewcontent-detail	
/interview/api/interviews/<pk>\.<format>/	interview.apis.InterviewViewSet	interview:interviewcontent-detail	
/interview/api/interviews\.<format>/	interview.apis.InterviewViewSet	interview:interviewcontent-list	
/interview/course/<pk>/	interview.views.InterviewClassView	interview:class_view	
/interview/create/<student_id>/<course_id>/	interview.views.InterviewCreateView	interview:create	
/interview/student/	interview.views.InterviewStudentView	interview:student	
/markdownx/	common.views.TestMarkdownxCreateView		
/markdownx/markdownify/	markdownx.views.MarkdownifyView	markdownx_markdownify	
/markdownx/upload/	common.views.MyImageUploadView	markdownx_upload	
/playground/form/	playground.views.FormTutorialView	playground:form	
/resume/<course_id>/student/<student_id>/	resume.views.ResumeCommentsView	resume:comments	
/resume/course/<pk>/	resume.views.ResumeClassView	resume:class_view	
/resume/student/	resume.views.ResumeStudentTopView	resume:student_resume	
/resume/student/<student_id>/	resume.views.ResumeCommentsView	resume:comments_assistant	
/task/api/	rest_framework.routers.APIRootView	task:api-root	
/task/api/\.<format>/	rest_framework.routers.APIRootView	task:api-root	
/task/api/tasks/	task.apis.TaskViewSet	task:task-list	
/task/api/tasks/<pk>/	task.apis.TaskViewSet	task:task-detail	
/task/api/tasks/<pk>\.<format>/	task.apis.TaskViewSet	task:task-detail	
/task/api/tasks\.<format>/	task.apis.TaskViewSet	task:task-list	
/task/list/view-as-assignee/	task.views.TaskListView	task:view_list_as_assignee	
/task/list/view-as-assignor/	task.views.TaskListView	task:view_list_as_assignor	
/user/api/	rest_framework.routers.APIRootView	user:api-root	
/user/api/\.<format>/	rest_framework.routers.APIRootView	user:api-root	
/user/api/users/	user.apis.UserViewSet	user:user-list	
/user/api/users/<pk>/	user.apis.UserViewSet	user:user-detail	
/user/api/users/<pk>\.<format>/	user.apis.UserViewSet	user:user-detail	
/user/api/users\.<format>/	user.apis.UserViewSet	user:user-list	
/user/create/	user.views.CreateOrUpdateUserView	user:create	
/user/delete/<pk>	user.views.UserDeleteView	user:delete	
/user/edit/<pk>	user.views.CreateOrUpdateUserView	user:edit	
/user/landing/	user.views_auth.UserRedirectView	user:landing	
/user/list/	user.views.UserListView	user:list	
/user/login/	user.views_auth.MyLoginView	user:login	
/user/logout/	user.views_auth.MyLogoutView	user:logout	
/user/profile/	user.views.ProfileView	user:profile	
/user/student/landing	user.views.StudentView	user:student_landing	
/user/teacher/	user.views.TeacherView	user:teacher	
